1,John Doe,johndoe@example.com,2022-01-01
2,Jane Smith,janesmith@example.com,2022-02-01
3,Emily Jones,emilyjones@example.com,2022-03-01
4,Michael Brown,michaelbrown@example.com,2022-04-01
5,Jessica Taylor,jessicataylor@example.com,2022-05-01
6,William Johnson,williamjohnson@example.com,2022-06-01
7,Olivia Miller,oliviamiller@example.com,2022-07-01
8,James Wilson,jameswilson@example.com,2022-08-01
9,Isabella Martinez,isabellamartinez@example.com,2022-09-01
10,Thomas Anderson,thomasanderson@example.com,2022-10-01
